combination_id,timestamp,use_ema,use_macd,use_rsi,use_bollinger,use_atr,prediction_horizon,learning_rate,num_leaves,max_depth,n_estimators,min_child_samples,subsample,colsample_bytree,reg_alpha,reg_lambda,train_rmse,train_mae,train_r2,train_direction_acc,val_rmse,val_mae,val_r2,val_direction_acc,test_rmse,test_mae,test_r2,test_direction_acc,combined_score
0,2025-12-12T23:51:29.454967,True,True,False,False,True,5,0.03,50,6,500,20,0.8,0.8,0.3,0.3,0.0012939176170147714,0.0007649145101697876,0.002494172406662387,0.5159112334072206,0.0016392861717511912,0.0011269484474010964,0.00020529561234494675,0.48864041869870345,0.0011823421357171173,0.0007872810435293319,-0.00016335370723075116,0.5052932080409183,0.49588913409479884
1,2025-12-12T23:51:30.248422,True,True,True,True,True,5,0.03,50,6,500,20,0.8,0.8,0.3,0.3,0.0012954187059674531,0.0007653862305708996,0.00017839356256765804,0.5091849473871946,0.0016395064251978346,0.0011264294369207396,-6.338599662703004e-05,0.4935173070060664,0.0011825679274859303,0.0007876562753463217,-0.0005453923898615098,0.5193291304864993,0.48185343744098663
2,2025-12-12T23:51:30.997262,True,False,True,True,True,5,0.03,50,6,500,20,0.8,0.8,0.3,0.3,0.0012944353479099938,0.0007649791336106196,0.0016957554148349097,0.5097709495783332,0.0016394249782935423,0.001126753040237655,3.597322814696824e-05,0.4953015344355894,0.0011825645829164591,0.000787584268783037,-0.0005397328606895346,0.49886998929463544,0.502312575288281
3,2025-12-12T23:51:31.802425,True,True,True,False,False,5,0.03,50,6,500,20,0.8,0.8,0.3,0.3,0.0012942328377261597,0.0007650834763793479,0.002008093859939608,0.513949399984713,0.0016394083878991383,0.0011271218760902399,5.621168232705642e-05,0.4888783156893065,0.0011821845359510767,0.0007871485157487355,0.0001032611760154456,0.5113595813012966,0.48982260323465454
4,2025-12-12T23:51:32.467969,False,False,True,True,True,5,0.03,50,6,500,20,0.8,0.8,0.3,0.3,0.0012954580736406786,0.0007654101292239509,0.0001176236382364193,0.5091849473871946,0.0016395091827560602,0.0011264444367331422,-6.675010096124367e-05,0.4935173070060664,0.0011825555904593293,0.0007876354595988122,-0.0005245163108689166,0.5193291304864993,0.48185342510396
5,2025-12-12T23:51:33.200487,True,True,True,False,False,3,0.05,70,4,300,30,0.8,0.9,0.5,0.5,0.0010049427225676747,0.0005877183727179995,2.220446049250313e-16,0.5041909760260885,0.0012639985355310237,0.0008610148312667909,-4.272539624783356e-05,0.49696753478415984,0.0009108061091533549,0.0005997948147677841,-0.0003690710130290764,0.5165893685337138,0.4843214375754395
6,2025-12-12T23:51:34.110256,True,False,True,True,True,3,0.05,50,4,500,20,0.8,0.8,0.1,0.1,0.0009999843619830577,0.0005859961962072009,0.00984360255389194,0.5190441007872411,0.0012635181673810692,0.0008609822990473044,0.0007172397101492534,0.5025567843976692,0.0009116413324331592,0.000600555893543867,-0.002204620041021288,0.4928053276251635,0.5081063137072697
7,2025-12-12T23:51:34.844261,True,True,True,False,False,5,0.03,31,4,300,30,0.9,0.9,0.3,0.5,0.0012935128407743654,0.0007650966761495052,0.0031181742723253025,0.5107136487553823,0.0016393947472550091,0.0011277550138570492,7.285161258641093e-05,0.4901867491376234,0.001182075206092048,0.0007870597185912167,0.0002881959492554431,0.5106458903294874,0.49053618487660466
8,2025-12-12T23:51:35.851322,True,False,True,True,True,8,0.01,70,4,800,30,0.7,0.7,0.5,0.3,0.0016238603096304016,0.0009783269994109024,0.0012768198321667645,0.5140141670488713,0.00206878504296651,0.0014331246418654606,0.00013189388670886704,0.48607805806758686,0.0015031190259382073,0.0010051110877573376,-0.0010459035348593382,0.5061875297477392,0.495315589278199
9,2025-12-12T23:51:36.576648,True,True,True,False,False,3,0.03,50,6,300,20,0.7,0.8,0.5,0.5,0.0010049427225676747,0.0005877183727179995,2.220446049250313e-16,0.5041909760260885,0.0012639985355310237,0.0008610148312667909,-4.272539624783356e-05,0.49696753478415984,0.0009108061091533549,0.0005997948147677841,-0.0003690710130290764,0.5165893685337138,0.4843214375754395
10,2025-12-12T23:51:37.178413,True,True,True,False,False,3,0.05,70,6,300,20,0.8,0.8,0.3,0.3,0.0010049408837128101,0.000587721475756501,3.6596178889514164e-06,0.5041909760260885,0.0012639983846587548,0.0008610148331918053,-4.248666384176758e-05,0.49696753478415984,0.0009108071751695076,0.0005997974748822415,-0.00037141269739371374,0.5165893685337138,0.48432143864145566
11,2025-12-12T23:51:38.024805,True,True,True,True,True,5,0.01,70,6,500,20,0.8,0.8,0.3,0.5,0.0012948872375289524,0.0007651543982453725,0.0009986142723508173,0.5185609824454126,0.0016394905082380432,0.001126634534891591,-4.39680898836059e-05,0.4904246461282265,0.0011824564872066354,0.0007875085795979251,-0.0003568268086615589,0.49970262876174615,0.5014798277254605
12,2025-12-12T23:51:38.658542,True,True,True,False,False,3,0.03,31,4,500,30,0.7,0.8,0.1,0.1,0.001003936177873919,0.0005873082087603156,0.0020021849933419267,0.513617487452549,0.0012637806787002474,0.0008609538205704097,0.00030197019869393493,0.4980378166250446,0.0009107519904475137,0.0005997722437433614,-0.00025019374480717005,0.5039838268521822,0.49692692513826525
13,2025-12-12T23:51:39.326356,True,True,False,False,True,3,0.05,31,4,300,30,0.7,0.7,0.5,0.5,0.0010049427225676747,0.0005877183727179995,2.220446049250313e-16,0.5041909760260885,0.0012639985355310237,0.0008610148312667909,-4.272539624783356e-05,0.49696753478415984,0.0009108061091533549,0.0005997948147677841,-0.0003690710130290764,0.5165893685337138,0.4843214375754395
14,2025-12-12T23:51:40.121609,True,False,True,True,True,3,0.05,70,4,800,10,0.8,0.9,0.3,0.1,0.0010047140704856645,0.0005876276540540795,0.0004550031848792324,0.5034776184046267,0.0012639845743221143,0.0008610190686221908,-2.063402840346562e-05,0.5001783803068142,0.0009109467237256813,0.0005998187580717663,-0.0006779783118584515,0.49791889642050186,0.5029920503032238
15,2025-12-12T23:51:41.083248,True,True,True,False,False,8,0.01,50,4,800,30,0.8,0.7,0.5,0.3,0.0016233473834892282,0.0009785523808866056,0.0019076503521596733,0.5055037456046476,0.002068749314522966,0.0014342295262038285,0.00016642954117229714,0.48000951927653496,0.0015018641624569618,0.0010044340673505687,0.0006248245617643811,0.5138029509757258,0.48769891318673114
16,2025-12-12T23:51:42.110934,True,False,True,True,True,8,0.01,70,4,800,20,0.9,0.7,0.1,0.3,0.0016150937467466155,0.0009755906885298086,0.012031114603569648,0.5291494674616521,0.002068369975188606,0.0014335004201101904,0.0005330679010263628,0.49071870537839124,0.001504076640376535,0.0010060727460385588,-0.0023218123005661617,0.495121370775821,0.5063827058645555
17,2025-12-12T23:51:42.862403,True,False,True,True,True,3,0.05,70,6,500,10,0.9,0.9,0.5,0.1,0.0010049427225676747,0.0005877183727179995,2.220446049250313e-16,0.5041909760260885,0.0012639985355310237,0.0008610148312667909,-4.272539624783356e-05,0.49696753478415984,0.0009108061091533549,0.0005997948147677841,-0.0003690710130290764,0.5165893685337138,0.4843214375754395
18,2025-12-12T23:51:43.644844,True,True,True,False,False,3,0.03,31,8,800,10,0.9,0.9,0.1,0.1,0.0010041876583098274,0.0005873962927517433,0.0015021365535140552,0.5180504955287764,0.0012639613061394242,0.0008609581111787872,1.618358647470508e-05,0.5056487097157807,0.000910689607573771,0.0005997163305112332,-0.00011317215127015778,0.5096919966702342,0.49121869293733955
19,2025-12-12T23:51:44.444697,True,False,True,True,True,8,0.03,50,6,300,20,0.7,0.7,0.3,0.3,0.001620765148864332,0.0009767868322076473,0.005080426317403797,0.5227539112266218,0.002068639607469674,0.0014341168829567572,0.00027247031237198627,0.48810090433127085,0.0015036605987398,0.0010055887770769026,-0.0017673858544213772,0.5002379819133745,0.5012656786853653
20,2025-12-12T23:51:45.249882,True,False,True,True,True,5,0.05,31,8,500,10,0.7,0.7,0.5,0.3,0.0012954048576173385,0.0007653850745498043,0.00019977013461569548,0.5091849473871946,0.0016395185481868232,0.0011264800592665303,-7.817557238376516e-05,0.4935173070060664,0.0011824683221327197,0.0007875289017950169,-0.00037685157655587,0.5193291304864993,0.4818533378356334
21,2025-12-12T23:51:46.108405,True,True,False,False,True,3,0.01,70,8,500,30,0.7,0.8,0.1,0.1,0.001003125164855857,0.000586934641642955,0.003613965327669888,0.5265088787546814,0.0012637580725623088,0.0008608179533995618,0.0003377344888347844,0.5006540611249851,0.0009108188147150706,0.0005998355455912425,-0.0003969811016750757,0.5024378641931264,0.49847295462158864
22,2025-12-12T23:51:46.875342,True,False,True,True,True,5,0.05,70,6,300,10,0.8,0.7,0.3,0.3,0.001294023879650904,0.0007648045499979096,0.0023303258836442353,0.5124716553287982,0.0016394644021756413,0.0011269111005828144,-1.2120388115155478e-05,0.49660996788390627,0.0011824032767868704,0.0007875996328234914,-0.0002667969266552106,0.4977994528369216,0.5033829504398653
23,2025-12-12T23:51:47.765856,True,True,True,True,True,8,0.01,31,4,300,30,0.7,0.8,0.3,0.3,0.0016212367780440034,0.000977254287025864,0.004501315427502206,0.5189063853641135,0.002068259710270488,0.001434229871283385,0.0006396283357684718,0.49071870537839124,0.0015035422126664743,0.001005551827515515,-0.0016096499415712007,0.4953593526891956,0.5061441895234708
24,2025-12-12T23:51:48.458886,False,False,True,True,True,3,0.01,70,6,500,10,0.8,0.8,0.5,0.5,0.0010049427225676747,0.0005877183727179995,2.220446049250313e-16,0.5041909760260885,0.0012639985355310237,0.0008610148312667909,-4.272539624783356e-05,0.49696753478415984,0.0009108061091533549,0.0005997948147677841,-0.0003690710130290764,0.5165893685337138,0.4843214375754395
25,2025-12-12T23:51:49.504228,True,False,True,True,True,8,0.01,70,6,300,20,0.8,0.8,0.5,0.5,0.0016234087724426793,0.0009780811159578549,0.0018321606523552525,0.5132752382408399,0.00206884016611544,0.0014334850726699184,7.860984639995738e-05,0.48631603998096146,0.0015030752878545958,0.001005060827660238,-0.0009876470805711968,0.5103522132317944,0.49115086205606023
26,2025-12-12T23:51:50.176214,True,True,False,False,True,3,0.05,50,4,800,30,0.9,0.8,0.5,0.5,0.0010049427225676747,0.0005877183727179995,2.220446049250313e-16,0.5041909760260885,0.0012639985355310237,0.0008610148312667909,-4.272539624783356e-05,0.49696753478415984,0.0009108061091533549,0.0005997948147677841,-0.0003690710130290764,0.5165893685337138,0.4843214375754395
27,2025-12-12T23:51:50.933624,True,False,True,True,True,8,0.01,31,8,500,10,0.9,0.7,0.1,0.3,0.0016233017658903856,0.0009782554416881873,0.0019637442445096243,0.5179381338225552,0.0020692045021184677,0.001432728994425694,-0.0002736062861246058,0.4782246549262256,0.0015031451036230511,0.0010052090855066477,-0.0010806382239745282,0.5193955259400286,0.48210761916359446
28,2025-12-12T23:51:51.691312,True,True,True,True,True,8,0.05,50,4,300,20,0.7,0.8,0.1,0.1,0.0016169844404522865,0.0009763085458900429,0.009716648457603339,0.5180910156449064,0.002067934602426293,0.001433234801693259,0.0009537807210171501,0.4928605425987625,0.0015039674446797574,0.0010061677664139782,-0.0021762808126692956,0.5041646834840552,0.49733928396062455
29,2025-12-12T23:51:53.148308,True,False,True,True,True,8,0.01,31,8,800,30,0.8,0.7,0.5,0.1,0.0016224657897714017,0.0009777314478495057,0.002991427030709093,0.5137848443153442,0.002068672711415586,0.0014342877484460617,0.00024047325425213817,0.4900047596382675,0.001503259085107548,0.0010052300726397902,-0.0012324651942021703,0.507734412184674,0.4937688469004336
30,2025-12-12T23:51:54.080350,True,True,True,False,False,5,0.03,70,6,300,30,0.7,0.7,0.3,0.3,0.0012933953637257194,0.0007650381571535405,0.0032992399920239723,0.5118856531376595,0.0016393447546446576,0.0011275422121126073,0.00013383534600075464,0.4918520280718449,0.0011820356641176126,0.0007871632893689382,0.0003550781868997266,0.5086237659093612,0.4925582697547564
31,2025-12-12T23:51:55.076935,True,True,True,True,True,5,0.03,70,4,300,10,0.7,0.8,0.1,0.5,0.0012914000040365671,0.0007641935228809094,0.006372147939446182,0.5203189890188286,0.0016389911605421562,0.001126111866732538,0.0005651157700178322,0.5016058046865707,0.0011828704061650904,0.0007876922035999635,-0.001057299312038129,0.5083858689187581,0.49279700148740696
32,2025-12-12T23:51:56.037887,True,False,True,True,True,3,0.01,70,8,500,30,0.8,0.8,0.3,0.3,0.0010047511397762244,0.000587657826140345,0.00038124467281230867,0.5039107283890857,0.001263978906377223,0.0008610126676598682,-1.1665486776335499e-05,0.4988702580568439,0.0009109085766340675,0.000599810647399443,-0.000594170654946824,0.4998216196931859,0.5010892888834482
33,2025-12-12T23:51:56.899057,False,False,True,True,True,8,0.03,70,8,500,10,0.8,0.7,0.5,0.1,0.0016227502985278876,0.0009778154116109365,0.002641733938138935,0.5124598685216328,0.0020687460088993728,0.0014341499206400232,0.0001696247768410153,0.4875059495478344,0.0015033574406569065,0.0010053058397952043,-0.0013634871739853782,0.5041646834840552,0.4973386739566017
34,2025-12-12T23:51:57.539632,False,False,True,True,True,3,0.05,70,4,300,20,0.7,0.8,0.1,0.3,0.0010048071587537466,0.000587675776462271,0.00026977591320254124,0.5038342972153576,0.0012638528194018367,0.000860913340103332,0.00018783492688001502,0.5068379117612082,0.0009108773164496145,0.0005998437717263565,-0.0005254958780618324,0.5045784278748959,0.4963324494415537
35,2025-12-12T23:51:58.614560,True,False,True,True,True,3,0.01,31,4,500,10,0.9,0.9,0.1,0.5,0.0010016407865982466,0.0005866216719451594,0.006560595578260164,0.5199612748719777,0.0012638631841649253,0.0008610410558855704,0.00017143608904490737,0.5024378641931264,0.0009110168588740428,0.0005999855649815393,-0.0008320716268204187,0.49351884885242003,0.507392168006454
36,2025-12-12T23:51:59.303436,False,False,True,True,True,3,0.05,31,8,500,10,0.8,0.9,0.3,0.3,0.0010047040209924404,0.0005876372363129138,0.00047499866564604254,0.5035285725204454,0.0012639516751454174,0.0008610007969864766,3.1422662867486295e-05,0.5007729813295279,0.0009109763307523323,0.000599848152930136,-0.0007430262016241418,0.5000594601022714,0.5008515162284809
37,2025-12-12T23:52:00.643322,True,False,True,True,True,5,0.03,70,6,800,20,0.9,0.9,0.3,0.3,0.0012918935232208884,0.0007640388229216751,0.005612556634117083,0.5208030777854212,0.0016394282673232814,0.001127249933023353,3.196094973867414e-05,0.49660996788390627,0.0011833610868329616,0.0007884242481888482,-0.0018879927537123198,0.49613417390270015,0.5050491871841328
38,2025-12-12T23:52:01.460602,True,True,True,True,True,3,0.01,31,8,500,30,0.7,0.8,0.5,0.3,0.0010049427225676747,0.0005877183727179995,2.220446049250313e-16,0.5041909760260885,0.0012639985355310237,0.0008610148312667909,-4.272539624783356e-05,0.49696753478415984,0.0009108061091533549,0.0005997948147677841,-0.0003690710130290764,0.5165893685337138,0.4843214375754395
39,2025-12-12T23:52:02.340240,True,False,True,True,True,5,0.01,31,6,800,10,0.7,0.7,0.3,0.3,0.0012944931748496357,0.0007650021953147022,0.0016065579607261737,0.5092104257433311,0.001639449312273244,0.0011267090609361876,6.288082147420937e-06,0.4931604615201618,0.001182637631895133,0.0007876632268058692,-0.0006633466811269972,0.49649101938860474,0.5046916182432903
40,2025-12-12T23:52:03.160728,True,True,True,False,False,8,0.05,70,6,500,30,0.9,0.8,0.5,0.1,0.0016224315069146532,0.0009784528622309608,0.0030335603578748316,0.5051470213524946,0.0020687087492369857,0.0014353505938991447,0.0002056398377374702,0.485721085197525,0.0015016879333699439,0.0010044487502266733,0.0008593446285420914,0.5107091861018562,0.49079250183151374
41,2025-12-12T23:52:04.025927,True,True,True,True,True,8,0.03,31,6,500,20,0.8,0.7,0.3,0.3,0.0016198505350283432,0.0009764828017345531,0.006202995440594661,0.524512052183662,0.0020683075870994165,0.0014349326131021575,0.0005933606846655337,0.48810090433127085,0.0015035563119208482,0.0010053204132430187,-0.0016284349352111427,0.5017848643503093,0.4997186919616115
42,2025-12-12T23:52:04.766454,True,False,True,True,True,3,0.01,31,4,800,20,0.7,0.8,0.5,0.5,0.0010049427225676747,0.0005877183727179995,2.220446049250313e-16,0.5041909760260885,0.0012639985355310237,0.0008610148312667909,-4.272539624783356e-05,0.49696753478415984,0.0009108061091533549,0.0005997948147677841,-0.0003690710130290764,0.5165893685337138,0.4843214375754395
43,2025-12-12T23:52:05.881126,True,True,True,False,False,3,0.03,50,6,800,10,0.9,0.9,0.3,0.5,0.0010048401416562452,0.0005877006150438706,0.00020414233285581673,0.5056686453848309,0.0012640136999845387,0.0008610354769946205,-6.67209816309633e-05,0.49613509335236056,0.0009107541694309147,0.0005996966655597762,-0.00025497996805801115,0.5148055654655725,0.4861051887038584
44,2025-12-12T23:52:06.652557,True,True,True,True,True,3,0.03,31,6,800,30,0.7,0.7,0.1,0.3,0.0010043909043371555,0.0005874722698907381,0.0010979068066021558,0.5099233140556928,0.0012638713661050319,0.0008609165709875387,0.00015849075760621112,0.4942323700796765,0.0009108547983335807,0.0005998144457549651,-0.000476027809599211,0.5068379117612082,0.4940729430371254
45,2025-12-12T23:52:07.583952,True,True,True,True,True,3,0.05,50,6,500,10,0.7,0.7,0.1,0.1,0.0010043471076576348,0.0005874443940651404,0.0011850195847560308,0.5101780846347864,0.0012637980039118498,0.0008608763126229525,0.0002745602233449329,0.49994053989772863,0.0009108957439695934,0.0005998721546404933,-0.0005659785857301536,0.5089784754429778,0.49193242030099177
46,2025-12-12T23:52:08.474526,False,False,True,True,True,5,0.01,70,8,500,30,0.7,0.8,0.1,0.1,0.0012954195921549008,0.0007653893260994412,0.00017702561928201188,0.5098983413590155,0.0016395503708372147,0.0011264435389273558,-0.00011699849029422893,0.4916141310812418,0.0011825911478182394,0.0007876377930611696,-0.0005846852271818026,0.5189722850005948,0.48221030614722343
47,2025-12-12T23:52:09.118950,True,True,True,False,False,3,0.05,31,6,500,20,0.7,0.8,0.3,0.1,0.001004906619578939,0.0005877096114789269,7.184954807371025e-05,0.5041909760260885,0.001264000923949609,0.0008610119695591319,-4.650470899369985e-05,0.49696753478415984,0.0009107953038621253,0.0005997471601919143,-0.0003453355221862964,0.5165893685337138,0.4843214267701483
48,2025-12-12T23:52:09.930693,True,True,True,False,False,3,0.03,50,4,800,20,0.8,0.8,0.1,0.3,0.0010027094535363138,0.0005868642415536279,0.00443963123718194,0.5159358997223,0.0012637159258768783,0.000860959432006905,0.0004044114096657392,0.5018432631704126,0.0009105462669901085,0.0005996422963143104,0.0002016343922682795,0.5115947199429183,0.48931582632407183
49,2025-12-12T23:52:10.950609,True,True,True,False,False,8,0.03,50,8,500,10,0.7,0.7,0.5,0.3,0.0016233098574258845,0.000978526288548697,0.001953794565294986,0.5051979819599449,0.002068704543650352,0.0014341739890695894,0.00020970490250304952,0.4790575916230366,0.0015020969031247261,0.0010045106888600201,0.00031505850716839756,0.5099952403617325,0.49150685654139226
50,2025-12-12T23:52:11.718741,True,True,False,False,True,8,0.03,70,4,300,10,0.9,0.9,0.1,0.5,0.0016107936438890015,0.0009743653598786611,0.01728494250922563,0.5241808082352342,0.002066990882876492,0.0014341350701159033,0.0018654191406695109,0.49607329842931935,0.001504700737536296,0.0010066102356547494,-0.0031537858324743873,0.5026178010471204,0.4988868996904159
51,2025-12-12T23:52:12.743415,True,True,False,False,True,3,0.03,70,4,300,30,0.8,0.8,0.1,0.5,0.0010029419509186848,0.0005870214763204308,0.003977898252158885,0.516216147359303,0.0012638054461820778,0.000860937405376868,0.0002627857961648994,0.49839457723867286,0.0009109097964943132,0.0005999134824759884,-0.0005968505855118433,0.5016054227613271,0.4993054870351672
52,2025-12-12T23:52:13.621732,True,True,True,True,True,8,0.05,31,6,300,20,0.8,0.8,0.3,0.3,0.0016188803788206802,0.0009761007345627633,0.007393043031793445,0.5263721143556032,0.0020683925489140696,0.0014345645698039362,0.0005112518666395838,0.4884578772013327,0.0015037532917215584,0.0010060450623519382,-0.001890897327920582,0.49500237981913375,0.5065013734725878
53,2025-12-12T23:52:14.527191,True,False,True,True,True,3,0.05,50,4,500,10,0.9,0.7,0.1,0.1,0.0010012782066290517,0.0005864943486538698,0.00727968777092014,0.5195791190033375,0.0012636174886493583,0.0008610626193157443,0.000560132460624585,0.4994648590795576,0.0009109655168703145,0.0005999988747981581,-0.0007192674003939636,0.4997026994886431,0.5012082660282272
54,2025-12-12T23:52:15.550621,False,False,True,True,True,3,0.03,31,4,800,10,0.9,0.8,0.1,0.5,0.0010024768968213797,0.0005869176880322086,0.00490137496473364,0.5126238821940843,0.0012636773456391134,0.0008610101771941518,0.0004654441877024462,0.49994053989772863,0.0009110244846283462,0.0005999047905456407,-0.0008488268193185267,0.49958377928410036,0.501327245200528
55,2025-12-12T23:52:16.410096,False,False,True,True,True,3,0.05,31,8,300,30,0.7,0.8,0.1,0.1,0.0010047387100060561,0.000587643910716048,0.00040597707477230127,0.5053629206899187,0.0012639160068695214,0.0008609512795815172,8.78593962454488e-05,0.5030324652158402,0.0009108976181666397,0.0005998626525315034,-0.0005700959827941166,0.5066000713521227,0.49431082626604395
56,2025-12-12T23:52:17.160452,True,True,True,False,False,3,0.03,31,8,800,10,0.7,0.7,0.5,0.1,0.0010049427225676747,0.0005877183727179995,2.220446049250313e-16,0.5041909760260885,0.0012639985355310237,0.0008610148312667909,-4.272539624783356e-05,0.49696753478415984,0.0009108061091533549,0.0005997948147677841,-0.0003690710130290764,0.5165893685337138,0.4843214375754395
57,2025-12-12T23:52:17.907335,True,True,True,False,False,5,0.05,70,6,800,10,0.7,0.9,0.1,0.5,0.0012887227607001604,0.0007628569928039573,0.010487721860757082,0.5262044892863512,0.0016386943603435343,0.0011265430419419458,0.0009270525774014438,0.5010110622100631,0.001182379931608864,0.000787835798962567,-0.0002272991066416541,0.5060068990127274,0.4951754809188814
58,2025-12-12T23:52:18.653206,False,False,True,True,True,3,0.05,31,8,300,10,0.8,0.8,0.5,0.3,0.0010049427225676747,0.0005877183727179995,2.220446049250313e-16,0.5041909760260885,0.0012639985355310237,0.0008610148312667909,-4.272539624783356e-05,0.49696753478415984,0.0009108061091533549,0.0005997948147677841,-0.0003690710130290764,0.5165893685337138,0.4843214375754395
59,2025-12-12T23:52:19.511444,True,True,True,True,True,3,0.05,70,4,800,30,0.8,0.9,0.1,0.3,0.0010030062621847386,0.000587092175504724,0.0038501590624204773,0.512751267483631,0.0012635764420753331,0.0008609173056156009,0.0006250617870747766,0.4967296943750743,0.0009109720714350263,0.0005999438556490529,-0.0007336681711644921,0.49197288619336427,0.5089380858780707
60,2025-12-12T23:52:20.863910,True,True,True,True,True,3,0.01,50,8,500,10,0.8,0.7,0.3,0.5,0.0010047083834934462,0.0005876435330234852,0.00046631862018142733,0.5033247560571705,0.0012639920821564867,0.0008610328483246144,-3.251393855396856e-05,0.4988702580568439,0.0009108694763935567,0.0005997718304626492,-0.0005082726097351831,0.4993459388750149,0.5015649306013786
61,2025-12-12T23:52:21.722861,True,True,True,True,True,5,0.01,31,4,500,30,0.7,0.7,0.3,0.1,0.0012954623961884063,0.0007653995549798711,0.00011095102320934913,0.5091849473871946,0.0016395038840268045,0.001126417361642709,-6.028588052364725e-05,0.4935173070060664,0.001182586367415218,0.0007876373519996592,-0.0005765958914996094,0.5193291304864993,0.4818534558809159
62,2025-12-12T23:52:22.500947,True,True,False,False,True,3,0.03,70,8,300,20,0.9,0.9,0.3,0.3,0.0010049405538275853,0.0005877199983790803,4.316142006244306e-06,0.5041909760260885,0.0012639965117742786,0.0008610141363275722,-3.9523111539541134e-05,0.49696753478415984,0.0009108043586270859,0.0005997948303384202,-0.0003652256926320874,0.5165893685337138,0.4843214358249132
63,2025-12-12T23:52:23.242856,True,False,True,True,True,8,0.03,70,4,300,20,0.8,0.8,0.1,0.5,0.0016172626536777976,0.0009762608053956454,0.009375849102714828,0.5243082097538603,0.002067704411372164,0.0014332943655473254,0.0011761849522643475,0.48893384102808185,0.0015037148649202777,0.0010059899571624544,-0.001839693489202876,0.4902427415516421,0.5112609733132781
64,2025-12-12T23:52:24.100303,True,True,False,False,True,8,0.01,70,4,500,10,0.9,0.7,0.1,0.1,0.0016121113749645432,0.0009749727058699719,0.015676438711388907,0.5242572491464098,0.002067791070645677,0.0014341861148680847,0.0010924600643641424,0.48500713945740126,0.001504234843226283,0.0010063555449370334,-0.0025326772288991606,0.5003569728700619,0.5011472619731644
65,2025-12-12T23:52:24.758041,False,False,True,True,True,5,0.03,31,4,300,30,0.7,0.8,0.1,0.5,0.0012950830883739555,0.0007653263218215608,0.0006963948106892826,0.5104843435501542,0.0016395534676648474,0.0011264654159638004,-0.00012077659060394375,0.49173307957654333,0.0011825048688169117,0.000787581043538032,-0.0004386900565764851,0.5193291304864993,0.4818533743823176
66,2025-12-12T23:52:25.495915,True,True,True,False,False,3,0.05,70,4,500,30,0.7,0.7,0.3,0.5,0.0010049414127318373,0.0005877209217311655,2.6067853510225447e-06,0.5041909760260885,0.00126399746639549,0.0008610139044202575,-4.103365257757119e-05,0.49696753478415984,0.0009108076646893817,0.0005997974444253899,-0.000372488011319394,0.5165893685337138,0.48432143913097553
67,2025-12-12T23:52:26.178205,True,True,False,False,True,3,0.03,50,8,800,10,0.9,0.8,0.3,0.1,0.001004940902904958,0.0005877199981989391,3.6214224524711014e-06,0.5041909760260885,0.0012639969809261687,0.0008610142242893152,-4.02654720053075e-05,0.49696753478415984,0.0009108049463464311,0.0005997952962848969,-0.0003665167145281423,0.5165893685337138,0.4843214364126326
68,2025-12-12T23:52:26.909868,True,True,True,True,True,5,0.03,50,4,300,30,0.8,0.9,0.1,0.1,0.0012928426980447715,0.0007645743661162997,0.004150835154149712,0.5186883742260949,0.001638848755427609,0.0011261374036965277,0.0007387816928121627,0.4926846675389556,0.0011829795742515764,0.0007878875370106585,-0.0012420846481018266,0.4998215772570477,0.5013614023172039
69,2025-12-12T23:52:27.581460,True,True,False,False,True,3,0.01,31,4,500,30,0.7,0.8,0.3,0.5,0.0010049424419775802,0.0005877188949149383,5.584199957997527e-07,0.5041909760260885,0.001263998359884939,0.0008610146839466952,-4.2447463050931944e-05,0.49696753478415984,0.0009108064387957429,0.0005997953727984496,-0.0003697951278671674,0.5165893685337138,0.4843214379050819
70,2025-12-12T23:52:28.509252,False,False,True,True,True,8,0.01,50,6,500,20,0.9,0.7,0.1,0.5,0.001618991133150384,0.0009765051541297772,0.007257221657726132,0.531799419049075,0.0020681928488087567,0.0014328843024821443,0.0007042407390142058,0.4915516420752023,0.0015035577207202424,0.0010056297159035344,-0.0016303119439833313,0.4944074250356973,0.5070961326850228
71,2025-12-12T23:52:29.142455,True,True,False,False,True,5,0.01,50,8,300,30,0.7,0.8,0.5,0.1,0.001295531437071332,0.0007654326448023205,4.37122202934237e-06,0.5091849473871946,0.0016395150870674397,0.0011264167445260676,-7.395312999824988e-05,0.4935173070060664,0.0011825946614588785,0.0007876447640488959,-0.0005906309849226243,0.5193291304864993,0.48185346417495956
72,2025-12-12T23:52:29.922614,True,False,True,True,True,8,0.01,31,4,500,10,0.9,0.9,0.1,0.1,0.0016217641434083329,0.0009778248036151637,0.0038535668447604587,0.5181419762523569,0.0020683030706016656,0.001432409754763438,0.0005977254251308128,0.4902427415516421,0.0015033319529651724,0.001005273612376104,-0.0013295335355052451,0.5166587339362209,0.4848445980167443
73,2025-12-12T23:52:30.570154,True,True,True,False,False,3,0.01,70,4,500,30,0.7,0.9,0.1,0.1,0.0010045628499236014,0.0005875612802938304,0.0007558656604058633,0.5082418282336756,0.0012638664311941787,0.0008609616739063402,0.0001662987026469498,0.49863241764775834,0.0009107988752145808,0.0005997810169157395,-0.00035318051822308405,0.5123082411701748,0.48860255770503974
74,2025-12-12T23:52:31.259670,False,False,True,True,True,5,0.03,70,4,300,20,0.7,0.8,0.1,0.5,0.0012950644413062757,0.0007653396090278526,0.0007251712621397788,0.5100512114958343,0.0016395534676648474,0.0011264654159638004,-0.00012077659060394375,0.49173307957654333,0.0011825502505003608,0.0007876171142452503,-0.0005154803757396742,0.5186154395146901,0.4825671107358102
75,2025-12-12T23:52:32.217242,False,False,True,True,True,3,0.03,31,4,500,30,0.9,0.8,0.3,0.3,0.001004655122957347,0.0005876516268265519,0.0005722882518817141,0.5008534814399633,0.001263944744587923,0.0008610244413712273,4.238877945828001e-05,0.49910809846592935,0.0009109842236215966,0.0005998559097497116,-0.0007603675261447229,0.503151385420383,0.4977595988032386
76,2025-12-12T23:52:33.012356,True,False,True,True,True,8,0.03,31,6,300,20,0.8,0.9,0.1,0.1,0.0016139538391464782,0.0009744119097398152,0.013425208065635408,0.5372522040462723,0.002068377127403405,0.0014336171549865888,0.0005261557773468262,0.49369347929557356,0.001503731316122461,0.0010058582970422097,-0.0018616146098808795,0.495121370775821,0.5063823605403014
77,2025-12-12T23:52:33.875489,False,False,True,True,True,3,0.03,50,8,800,30,0.8,0.8,0.3,0.3,0.0010045793098561002,0.0005876255022288188,0.000723119823249796,0.5025349672619805,0.0012639761519169098,0.0008610515187571586,-7.307044668891649e-06,0.4992270186704721,0.0009109947877791249,0.000599831666666162,-0.0007835781398879416,0.5017243429658699,0.49918665182190924
78,2025-12-12T23:52:34.686384,True,True,True,True,True,5,0.03,70,8,800,30,0.8,0.7,0.3,0.1,0.0012951902095926669,0.0007652851845323563,0.0005310756151457596,0.5159621901194935,0.0016394874493657475,0.0011265155470834502,-4.0236437984120244e-05,0.49660996788390627,0.0011824557951752627,0.0007876114216367325,-0.00035565589351471694,0.5017247531818723,0.499457702613303
79,2025-12-12T23:52:35.361810,True,True,True,False,False,5,0.05,50,8,300,10,0.7,0.8,0.1,0.3,0.001294363196146632,0.0007649191715739985,0.0018070431732800651,0.5225865627149736,0.0016392090910825677,0.0011262793406282218,0.00029931584358999785,0.4935173070060664,0.0011826055351903042,0.0007877150880673764,-0.0006090315479616581,0.5048174140597121,0.49636519147547814
80,2025-12-12T23:52:36.054924,True,True,False,False,True,3,0.03,50,4,500,10,0.8,0.9,0.5,0.5,0.0010049427225676747,0.0005877183727179995,2.220446049250313e-16,0.5041909760260885,0.0012639985355310237,0.0008610148312667909,-4.272539624783356e-05,0.49696753478415984,0.0009108061091533549,0.0005997948147677841,-0.0003690710130290764,0.5165893685337138,0.4843214375754395
81,2025-12-12T23:52:37.847205,True,False,True,True,True,8,0.01,70,8,800,30,0.8,0.7,0.5,0.5,0.0016224658953616368,0.0009777314886460413,0.0029912972598705734,0.5137848443153442,0.002068672710774265,0.0014342876446895826,0.00024047387413428378,0.4900047596382675,0.001503259069361583,0.0010052300552899334,-0.0012324442192797047,0.507734412184674,0.49376884688468764
82,2025-12-12T23:52:38.587037,True,False,True,True,True,3,0.03,31,6,800,30,0.7,0.7,0.3,0.3,0.0010049395719324997,0.0005877186926353269,6.270268276376001e-06,0.5041909760260885,0.0012639980464841357,0.0008610149579768589,-4.1951554072605646e-05,0.49696753478415984,0.0009108100086249427,0.000599797293827149,-0.0003776368737127278,0.5165893685337138,0.4843214414749111
83,2025-12-12T23:52:39.327713,False,False,True,True,True,5,0.01,50,4,300,10,0.8,0.8,0.3,0.1,0.0012952090706804165,0.0007653095696946259,0.0005019660554770322,0.5117327830008408,0.0016394814172852412,0.0011264899013412896,-3.2877659945196314e-05,0.4907814916141311,0.0011826031536887457,0.0007876899975476457,-0.0006050015489504901,0.49839419531342927,0.5027884078402596
84,2025-12-12T23:52:40.101660,True,True,True,True,True,3,0.05,31,6,300,30,0.7,0.8,0.5,0.3,0.0010049427225676747,0.0005877183727179995,2.220446049250313e-16,0.5041909760260885,0.0012639985355310237,0.0008610148312667909,-4.272539624783356e-05,0.49696753478415984,0.0009108061091533549,0.0005997948147677841,-0.0003690710130290764,0.5165893685337138,0.4843214375754395
85,2025-12-12T23:52:41.219570,True,False,True,True,True,8,0.01,31,6,300,10,0.9,0.7,0.5,0.5,0.0016232156006299673,0.0009780099344555984,0.0020696934565970215,0.5122305457881058,0.002068733746301626,0.001433597788401161,0.0001814778330554434,0.4886958591147073,0.0015029854969520076,0.0010049964361459561,-0.0008680563981640077,0.5052356020942408,0.4962673834027112
86,2025-12-12T23:52:42.051790,True,True,True,True,True,8,0.03,50,4,500,20,0.9,0.9,0.5,0.5,0.0016231823066803653,0.0009780332079846132,0.002110630348256204,0.5153391428425826,0.002068739640037554,0.0014338652145099958,0.00017578094262660215,0.4884578772013327,0.0015029598354489777,0.0010050198536731073,-0.0008338796752938027,0.5083293669681104,0.4931735928673386
87,2025-12-12T23:52:43.298886,True,False,True,True,True,8,0.01,50,6,500,30,0.9,0.9,0.1,0.5,0.0016203794222558097,0.0009770295643082543,0.005553932656980898,0.5317229781378994,0.0020685575858891275,0.0014326728159643695,0.0003517471532189509,0.48227034745359354,0.0015033061933742513,0.001005283537031801,-0.001295218269177889,0.4986910994764398,0.5028122067169345
88,2025-12-12T23:52:44.018807,False,False,True,True,True,5,0.05,31,4,800,20,0.8,0.8,0.1,0.1,0.0012920174858663002,0.0007644210275030385,0.005421716120068587,0.5157328849142653,0.0016390667470375228,0.0011262867923428632,0.0004729303769331894,0.4931604615201618,0.001182980921472757,0.0007878486729957288,-0.0012443651529232547,0.5005352682288569,0.5006477126926159
89,2025-12-12T23:52:44.815967,False,False,True,True,True,3,0.03,70,4,300,20,0.9,0.9,0.3,0.3,0.0010046243338085767,0.0005876408485455525,0.0006335452071877246,0.5010063437874195,0.0012639509951047536,0.0008610321638121247,3.249868361343555e-05,0.4977999762159591,0.0009109851386471069,0.0005998516963714655,-0.0007623779269885222,0.5025567843976692,0.49835420074097797
90,2025-12-12T23:52:45.879127,True,True,False,False,True,8,0.03,31,4,500,20,0.8,0.9,0.5,0.1,0.001622231872604629,0.0009784088178567958,0.0032788914693170357,0.506242674412679,0.0020683894677148915,0.0014351512325778421,0.0005142296588551698,0.48488814850071393,0.0015021912053624848,0.001004635236927551,0.00018953333489268864,0.5066634935744884,0.4948386976308741
91,2025-12-12T23:52:46.779584,False,False,True,True,True,3,0.01,31,6,300,20,0.8,0.9,0.3,0.5,0.0010047427924680407,0.0005876576380131359,0.0003978539421638505,0.502713306667346,0.0012639750083138185,0.0008610209360754014,-5.497499562467922e-06,0.4967296943750743,0.0009109314861856772,0.0005998300481145615,-0.0006445016160168127,0.4985134974432156,0.5023974340429701
92,2025-12-12T23:52:48.203120,True,True,False,False,True,8,0.05,70,8,300,30,0.8,0.8,0.5,0.5,0.0016216516046997547,0.0009781790819160495,0.003991812771528824,0.5084849411404984,0.002068101982687579,0.0014351957434203756,0.0007920469945175146,0.48500713945740126,0.0015027792817859907,0.0010050548769923538,-0.0005934296452003718,0.5003569728700619,0.5011458064117241
93,2025-12-12T23:52:49.069705,True,True,False,False,True,5,0.03,70,6,300,20,0.9,0.9,0.3,0.5,0.001291977693553766,0.0007644550835500623,0.005482978387636117,0.5173634997069989,0.0016391875877036354,0.0011276684230057444,0.00032554410421559155,0.4894730581658142,0.0011828333014469391,0.0007874816743374083,-0.0009944972228523863,0.5026763411442845,0.4985064921571624
94,2025-12-12T23:52:50.016960,False,False,True,True,True,3,0.03,50,6,800,10,0.7,0.9,0.1,0.3,0.0010036238402033296,0.0005871612055774956,0.0026230687323153257,0.5173371379073145,0.0012639107311523934,0.0008609899515294373,9.62068537793126e-05,0.4964918539659888,0.0009109797302561209,0.000599829859169859,-0.000750495190535938,0.5012486621476989,0.4996623175825572
95,2025-12-12T23:52:50.776861,False,False,True,True,True,5,0.05,70,4,800,30,0.7,0.8,0.3,0.3,0.0012943950043832779,0.0007650301565030066,0.0017579825262964421,0.5079874646487809,0.001639458435346466,0.001126706285049899,-4.8413149869031e-06,0.4930415130248602,0.0011829294661268182,0.0007878593761142125,-0.0011572661071301837,0.5050553110503152,0.4961276184158116
96,2025-12-12T23:52:51.544997,False,False,True,True,True,8,0.03,50,4,500,10,0.9,0.7,0.1,0.1,0.0016129253701650103,0.000974881488215917,0.014682168776058213,0.526474035570504,0.0020677437972499895,0.0014346833612336903,0.0011381331618781632,0.48893384102808185,0.001504360607874388,0.0010060503272212274,-0.002700321849889331,0.5022608281770585,0.4992435324308159
97,2025-12-12T23:52:52.241494,True,True,False,False,True,8,0.05,50,8,800,20,0.9,0.7,0.1,0.3,0.001610956601740819,0.0009732276068373574,0.01708609737998279,0.5435713193701269,0.0020677792050086442,0.001433495902844831,0.0011039241242100095,0.49321751546882436,0.0015035998563704086,0.0010055377152286007,-0.0016864520378485626,0.506544502617801,0.49495909723856935
98,2025-12-12T23:52:53.137902,True,True,True,False,False,5,0.03,31,8,300,20,0.9,0.9,0.1,0.3,0.0012922626974934616,0.0007641529432795558,0.005044158842152036,0.527070753394991,0.0016386369310279877,0.0011262007817325018,0.0009970779238546168,0.49553943142619244,0.0011826705885703372,0.000787684420051643,-0.000719118619249004,0.5030331866301891,0.4981494839583812
99,2025-12-12T23:52:53.847425,True,True,True,False,False,3,0.05,31,4,500,20,0.9,0.7,0.1,0.1,0.0010042155234250318,0.0005874367646821748,0.0014467213254962807,0.5078341953071259,0.001263800910790833,0.0008609103508886834,0.00026996125388456527,0.49791889642050186,0.0009107226395364462,0.0005997174033675884,-0.00018572442335917927,0.5164704483291711,0.48444027431036535
